target,lag_group,A_alpha,B_raw_alpha,B_rank_alpha,C_conservative_alpha,C_pca50_alpha,D_momentum,E_hgbr
target_0,1,1000.0,100.0,100000.0,1e4 (fixed),10000.0,persistence (no alpha),"max_iter=80, max_leaf_nodes=15 (fixed)"
target_1,1,1000.0,10.0,1000.0,1e4 (fixed),10000.0,persistence (no alpha),"max_iter=80, max_leaf_nodes=15 (fixed)"
target_2,1,1000.0,0.1,1000.0,1e4 (fixed),10000.0,persistence (no alpha),"max_iter=80, max_leaf_nodes=15 (fixed)"
target_3,1,1000.0,10000.0,10000.0,1e4 (fixed),10000.0,persistence (no alpha),"max_iter=80, max_leaf_nodes=15 (fixed)"
target_4,1,1000.0,10000.0,10000.0,1e4 (fixed),10000.0,persistence (no alpha),"max_iter=80, max_leaf_nodes=15 (fixed)"
target_5,1,1000.0,100.0,0.01,1e4 (fixed),10000.0,persistence (no alpha),"max_iter=80, max_leaf_nodes=15 (fixed)"
target_6,1,1000.0,10000.0,10000.0,1e4 (fixed),10000.0,persistence (no alpha),"max_iter=80, max_leaf_nodes=15 (fixed)"
target_7,1,1000.0,100.0,100.0,1e4 (fixed),10000.0,persistence (no alpha),"max_iter=80, max_leaf_nodes=15 (fixed)"
target_8,1,1000.0,10000.0,1000.0,1e4 (fixed),10000.0,persistence (no alpha),"max_iter=80, max_leaf_nodes=15 (fixed)"
target_9,1,1000.0,1000.0,100.0,1e4 (fixed),10000.0,persistence (no alpha),"max_iter=80, max_leaf_nodes=15 (fixed)"
target_10,1,1000.0,100000.0,10000.0,1e4 (fixed),10000.0,persistence (no alpha),"max_iter=80, max_leaf_nodes=15 (fixed)"
target_11,1,1000.0,10000.0,100000.0,1e4 (fixed),10000.0,persistence (no alpha),"max_iter=80, max_leaf_nodes=15 (fixed)"
target_12,1,1000.0,100.0,0.0001,1e4 (fixed),10000.0,persistence (no alpha),"max_iter=80, max_leaf_nodes=15 (fixed)"
target_13,1,1000.0,1000.0,1000.0,1e4 (fixed),10000.0,persistence (no alpha),"max_iter=80, max_leaf_nodes=15 (fixed)"
target_14,1,1000.0,100.0,10000.0,1e4 (fixed),10000.0,persistence (no alpha),"max_iter=80, max_leaf_nodes=15 (fixed)"
target_15,1,1000.0,100000.0,1000.0,1e4 (fixed),10000.0,persistence (no alpha),"max_iter=80, max_leaf_nodes=15 (fixed)"
target_16,1,1000.0,100.0,1000.0,1e4 (fixed),10000.0,persistence (no alpha),"max_iter=80, max_leaf_nodes=15 (fixed)"
target_17,1,1000.0,100000.0,1000.0,1e4 (fixed),10000.0,persistence (no alpha),"max_iter=80, max_leaf_nodes=15 (fixed)"
target_18,1,1000.0,100.0,1000.0,1e4 (fixed),10000.0,persistence (no alpha),"max_iter=80, max_leaf_nodes=15 (fixed)"
target_19,1,1000.0,1000.0,100000.0,1e4 (fixed),10000.0,persistence (no alpha),"max_iter=80, max_leaf_nodes=15 (fixed)"
target_20,1,1000.0,1000.0,10.0,1e4 (fixed),10000.0,persistence (no alpha),"max_iter=80, max_leaf_nodes=15 (fixed)"
target_21,1,1000.0,0.0001,10000.0,1e4 (fixed),10000.0,persistence (no alpha),"max_iter=80, max_leaf_nodes=15 (fixed)"
target_22,1,1000.0,1000.0,1000.0,1e4 (fixed),10000.0,persistence (no alpha),"max_iter=80, max_leaf_nodes=15 (fixed)"
target_23,1,1000.0,10000.0,100.0,1e4 (fixed),10000.0,persistence (no alpha),"max_iter=80, max_leaf_nodes=15 (fixed)"
target_24,1,1000.0,100.0,10000.0,1e4 (fixed),10000.0,persistence (no alpha),"max_iter=80, max_leaf_nodes=15 (fixed)"
target_25,1,1000.0,0.01,10000.0,1e4 (fixed),10000.0,persistence (no alpha),"max_iter=80, max_leaf_nodes=15 (fixed)"
target_26,1,1000.0,100000.0,10.0,1e4 (fixed),10000.0,persistence (no alpha),"max_iter=80, max_leaf_nodes=15 (fixed)"
target_27,1,1000.0,0.1,1000.0,1e4 (fixed),10000.0,persistence (no alpha),"max_iter=80, max_leaf_nodes=15 (fixed)"
target_28,1,1000.0,100.0,10000.0,1e4 (fixed),10000.0,persistence (no alpha),"max_iter=80, max_leaf_nodes=15 (fixed)"
target_29,1,1000.0,100000.0,100000.0,1e4 (fixed),10000.0,persistence (no alpha),"max_iter=80, max_leaf_nodes=15 (fixed)"
target_30,1,1000.0,1000.0,1000.0,1e4 (fixed),10000.0,persistence (no alpha),"max_iter=80, max_leaf_nodes=15 (fixed)"
target_31,1,1000.0,100000.0,100000.0,1e4 (fixed),10000.0,persistence (no alpha),"max_iter=80, max_leaf_nodes=15 (fixed)"
target_32,1,1000.0,100000.0,100.0,1e4 (fixed),10000.0,persistence (no alpha),"max_iter=80, max_leaf_nodes=15 (fixed)"
target_33,1,1000.0,1000.0,1000.0,1e4 (fixed),10000.0,persistence (no alpha),"max_iter=80, max_leaf_nodes=15 (fixed)"
target_34,1,1000.0,1000.0,0.0001,1e4 (fixed),10000.0,persistence (no alpha),"max_iter=80, max_leaf_nodes=15 (fixed)"
target_35,1,1000.0,10000.0,1000.0,1e4 (fixed),10000.0,persistence (no alpha),"max_iter=80, max_leaf_nodes=15 (fixed)"
target_36,1,1000.0,1000.0,10000.0,1e4 (fixed),10000.0,persistence (no alpha),"max_iter=80, max_leaf_nodes=15 (fixed)"
target_37,1,1000.0,1000.0,100000.0,1e4 (fixed),10000.0,persistence (no alpha),"max_iter=80, max_leaf_nodes=15 (fixed)"
target_38,1,1000.0,100000.0,1000.0,1e4 (fixed),10000.0,persistence (no alpha),"max_iter=80, max_leaf_nodes=15 (fixed)"
target_39,1,1000.0,100000.0,100000.0,1e4 (fixed),10000.0,persistence (no alpha),"max_iter=80, max_leaf_nodes=15 (fixed)"
target_40,1,1000.0,100.0,10000.0,1e4 (fixed),10000.0,persistence (no alpha),"max_iter=80, max_leaf_nodes=15 (fixed)"
target_41,1,1000.0,1000.0,10000.0,1e4 (fixed),10000.0,persistence (no alpha),"max_iter=80, max_leaf_nodes=15 (fixed)"
target_42,1,1000.0,10.0,10000.0,1e4 (fixed),10000.0,persistence (no alpha),"max_iter=80, max_leaf_nodes=15 (fixed)"
target_43,1,1000.0,1000.0,1000.0,1e4 (fixed),10000.0,persistence (no alpha),"max_iter=80, max_leaf_nodes=15 (fixed)"
target_44,1,1000.0,100000.0,0.0001,1e4 (fixed),10000.0,persistence (no alpha),"max_iter=80, max_leaf_nodes=15 (fixed)"
target_45,1,1000.0,1000.0,1000.0,1e4 (fixed),10000.0,persistence (no alpha),"max_iter=80, max_leaf_nodes=15 (fixed)"
target_46,1,1000.0,100.0,1000.0,1e4 (fixed),10000.0,persistence (no alpha),"max_iter=80, max_leaf_nodes=15 (fixed)"
target_47,1,1000.0,1000.0,1000.0,1e4 (fixed),10000.0,persistence (no alpha),"max_iter=80, max_leaf_nodes=15 (fixed)"
target_48,1,1000.0,1000.0,1000.0,1e4 (fixed),10000.0,persistence (no alpha),"max_iter=80, max_leaf_nodes=15 (fixed)"
target_49,1,1000.0,100.0,10000.0,1e4 (fixed),10000.0,persistence (no alpha),"max_iter=80, max_leaf_nodes=15 (fixed)"
target_50,1,1000.0,100000.0,1000.0,1e4 (fixed),10000.0,persistence (no alpha),"max_iter=80, max_leaf_nodes=15 (fixed)"
target_51,1,1000.0,100.0,1000.0,1e4 (fixed),10000.0,persistence (no alpha),"max_iter=80, max_leaf_nodes=15 (fixed)"
target_52,1,1000.0,10000.0,100.0,1e4 (fixed),10000.0,persistence (no alpha),"max_iter=80, max_leaf_nodes=15 (fixed)"
target_53,1,1000.0,1000.0,10000.0,1e4 (fixed),10000.0,persistence (no alpha),"max_iter=80, max_leaf_nodes=15 (fixed)"
target_54,1,1000.0,1000.0,10000.0,1e4 (fixed),10000.0,persistence (no alpha),"max_iter=80, max_leaf_nodes=15 (fixed)"
target_55,1,1000.0,10.0,1000.0,1e4 (fixed),10000.0,persistence (no alpha),"max_iter=80, max_leaf_nodes=15 (fixed)"
target_56,1,1000.0,1000.0,100000.0,1e4 (fixed),10000.0,persistence (no alpha),"max_iter=80, max_leaf_nodes=15 (fixed)"
target_57,1,1000.0,100.0,10000.0,1e4 (fixed),10000.0,persistence (no alpha),"max_iter=80, max_leaf_nodes=15 (fixed)"
target_58,1,1000.0,10000.0,1000.0,1e4 (fixed),10000.0,persistence (no alpha),"max_iter=80, max_leaf_nodes=15 (fixed)"
target_59,1,1000.0,1000.0,10000.0,1e4 (fixed),10000.0,persistence (no alpha),"max_iter=80, max_leaf_nodes=15 (fixed)"
target_60,1,1000.0,10000.0,10000.0,1e4 (fixed),10000.0,persistence (no alpha),"max_iter=80, max_leaf_nodes=15 (fixed)"
target_61,1,1000.0,10000.0,100000.0,1e4 (fixed),10000.0,persistence (no alpha),"max_iter=80, max_leaf_nodes=15 (fixed)"
target_62,1,1000.0,1000.0,100000.0,1e4 (fixed),10000.0,persistence (no alpha),"max_iter=80, max_leaf_nodes=15 (fixed)"
target_63,1,1000.0,1000.0,1000.0,1e4 (fixed),10000.0,persistence (no alpha),"max_iter=80, max_leaf_nodes=15 (fixed)"
target_64,1,1000.0,100000.0,1000.0,1e4 (fixed),10000.0,persistence (no alpha),"max_iter=80, max_leaf_nodes=15 (fixed)"
target_65,1,1000.0,100000.0,1000.0,1e4 (fixed),10000.0,persistence (no alpha),"max_iter=80, max_leaf_nodes=15 (fixed)"
target_66,1,1000.0,100.0,10000.0,1e4 (fixed),10000.0,persistence (no alpha),"max_iter=80, max_leaf_nodes=15 (fixed)"
target_67,1,1000.0,10000.0,10000.0,1e4 (fixed),10000.0,persistence (no alpha),"max_iter=80, max_leaf_nodes=15 (fixed)"
target_68,1,1000.0,100000.0,0.0001,1e4 (fixed),10000.0,persistence (no alpha),"max_iter=80, max_leaf_nodes=15 (fixed)"
target_69,1,1000.0,10000.0,10000.0,1e4 (fixed),10000.0,persistence (no alpha),"max_iter=80, max_leaf_nodes=15 (fixed)"
target_70,1,1000.0,1000.0,10000.0,1e4 (fixed),10000.0,persistence (no alpha),"max_iter=80, max_leaf_nodes=15 (fixed)"
target_71,1,1000.0,10.0,10000.0,1e4 (fixed),10000.0,persistence (no alpha),"max_iter=80, max_leaf_nodes=15 (fixed)"
target_72,1,1000.0,100.0,100.0,1e4 (fixed),10000.0,persistence (no alpha),"max_iter=80, max_leaf_nodes=15 (fixed)"
target_73,1,1000.0,1000.0,10000.0,1e4 (fixed),10000.0,persistence (no alpha),"max_iter=80, max_leaf_nodes=15 (fixed)"
target_74,1,1000.0,100000.0,10000.0,1e4 (fixed),10000.0,persistence (no alpha),"max_iter=80, max_leaf_nodes=15 (fixed)"
target_75,1,1000.0,0.1,1000.0,1e4 (fixed),10000.0,persistence (no alpha),"max_iter=80, max_leaf_nodes=15 (fixed)"
target_76,1,1000.0,10.0,100000.0,1e4 (fixed),10000.0,persistence (no alpha),"max_iter=80, max_leaf_nodes=15 (fixed)"
target_77,1,1000.0,10000.0,10000.0,1e4 (fixed),10000.0,persistence (no alpha),"max_iter=80, max_leaf_nodes=15 (fixed)"
target_78,1,1000.0,100.0,10000.0,1e4 (fixed),10000.0,persistence (no alpha),"max_iter=80, max_leaf_nodes=15 (fixed)"
target_79,1,1000.0,10.0,1000.0,1e4 (fixed),10000.0,persistence (no alpha),"max_iter=80, max_leaf_nodes=15 (fixed)"
target_80,1,1000.0,1000.0,100000.0,1e4 (fixed),10000.0,persistence (no alpha),"max_iter=80, max_leaf_nodes=15 (fixed)"
target_81,1,1000.0,10000.0,10000.0,1e4 (fixed),10000.0,persistence (no alpha),"max_iter=80, max_leaf_nodes=15 (fixed)"
target_82,1,1000.0,100000.0,10000.0,1e4 (fixed),10000.0,persistence (no alpha),"max_iter=80, max_leaf_nodes=15 (fixed)"
target_83,1,1000.0,0.0001,1000.0,1e4 (fixed),10000.0,persistence (no alpha),"max_iter=80, max_leaf_nodes=15 (fixed)"
target_84,1,1000.0,100.0,1000.0,1e4 (fixed),10000.0,persistence (no alpha),"max_iter=80, max_leaf_nodes=15 (fixed)"
target_85,1,1000.0,1000.0,10000.0,1e4 (fixed),10000.0,persistence (no alpha),"max_iter=80, max_leaf_nodes=15 (fixed)"
target_86,1,1000.0,100000.0,1000.0,1e4 (fixed),10000.0,persistence (no alpha),"max_iter=80, max_leaf_nodes=15 (fixed)"
target_87,1,1000.0,1000.0,100000.0,1e4 (fixed),10000.0,persistence (no alpha),"max_iter=80, max_leaf_nodes=15 (fixed)"
target_88,1,1000.0,100000.0,1000.0,1e4 (fixed),10000.0,persistence (no alpha),"max_iter=80, max_leaf_nodes=15 (fixed)"
target_89,1,1000.0,100000.0,1000.0,1e4 (fixed),10000.0,persistence (no alpha),"max_iter=80, max_leaf_nodes=15 (fixed)"
target_90,1,1000.0,10.0,10000.0,1e4 (fixed),10000.0,persistence (no alpha),"max_iter=80, max_leaf_nodes=15 (fixed)"
target_91,1,1000.0,100000.0,10000.0,1e4 (fixed),10000.0,persistence (no alpha),"max_iter=80, max_leaf_nodes=15 (fixed)"
target_92,1,1000.0,100.0,100000.0,1e4 (fixed),10000.0,persistence (no alpha),"max_iter=80, max_leaf_nodes=15 (fixed)"
target_93,1,1000.0,1000.0,1000.0,1e4 (fixed),10000.0,persistence (no alpha),"max_iter=80, max_leaf_nodes=15 (fixed)"
target_94,1,1000.0,100000.0,10000.0,1e4 (fixed),10000.0,persistence (no alpha),"max_iter=80, max_leaf_nodes=15 (fixed)"
target_95,1,1000.0,1000.0,1000.0,1e4 (fixed),10000.0,persistence (no alpha),"max_iter=80, max_leaf_nodes=15 (fixed)"
target_96,1,1000.0,0.1,100000.0,1e4 (fixed),10000.0,persistence (no alpha),"max_iter=80, max_leaf_nodes=15 (fixed)"
target_97,1,1000.0,100.0,100.0,1e4 (fixed),10000.0,persistence (no alpha),"max_iter=80, max_leaf_nodes=15 (fixed)"
target_98,1,1000.0,1000.0,1000.0,1e4 (fixed),10000.0,persistence (no alpha),"max_iter=80, max_leaf_nodes=15 (fixed)"
target_99,1,1000.0,1000.0,1000.0,1e4 (fixed),10000.0,persistence (no alpha),"max_iter=80, max_leaf_nodes=15 (fixed)"
target_100,1,1000.0,1000.0,100.0,1e4 (fixed),10000.0,persistence (no alpha),"max_iter=80, max_leaf_nodes=15 (fixed)"
target_101,1,1000.0,100.0,10000.0,1e4 (fixed),10000.0,persistence (no alpha),"max_iter=80, max_leaf_nodes=15 (fixed)"
target_102,1,1000.0,1000.0,1000.0,1e4 (fixed),10000.0,persistence (no alpha),"max_iter=80, max_leaf_nodes=15 (fixed)"
target_103,1,1000.0,100.0,1000.0,1e4 (fixed),10000.0,persistence (no alpha),"max_iter=80, max_leaf_nodes=15 (fixed)"
target_104,1,1000.0,100.0,1000.0,1e4 (fixed),10000.0,persistence (no alpha),"max_iter=80, max_leaf_nodes=15 (fixed)"
target_105,1,1000.0,100000.0,10000.0,1e4 (fixed),10000.0,persistence (no alpha),"max_iter=80, max_leaf_nodes=15 (fixed)"
target_106,2,1000.0,0.001,100000.0,1e4 (fixed),1000.0,persistence (no alpha),"max_iter=80, max_leaf_nodes=15 (fixed)"
target_107,2,1000.0,10.0,1000.0,1e4 (fixed),1000.0,persistence (no alpha),"max_iter=80, max_leaf_nodes=15 (fixed)"
target_108,2,1000.0,100000.0,1000.0,1e4 (fixed),1000.0,persistence (no alpha),"max_iter=80, max_leaf_nodes=15 (fixed)"
target_109,2,1000.0,10000.0,100000.0,1e4 (fixed),1000.0,persistence (no alpha),"max_iter=80, max_leaf_nodes=15 (fixed)"
target_110,2,1000.0,1000.0,10000.0,1e4 (fixed),1000.0,persistence (no alpha),"max_iter=80, max_leaf_nodes=15 (fixed)"
target_111,2,1000.0,100.0,10000.0,1e4 (fixed),1000.0,persistence (no alpha),"max_iter=80, max_leaf_nodes=15 (fixed)"
target_112,2,1000.0,100000.0,1000.0,1e4 (fixed),1000.0,persistence (no alpha),"max_iter=80, max_leaf_nodes=15 (fixed)"
target_113,2,1000.0,100000.0,100.0,1e4 (fixed),1000.0,persistence (no alpha),"max_iter=80, max_leaf_nodes=15 (fixed)"
target_114,2,1000.0,100000.0,100000.0,1e4 (fixed),1000.0,persistence (no alpha),"max_iter=80, max_leaf_nodes=15 (fixed)"
target_115,2,1000.0,1000.0,10000.0,1e4 (fixed),1000.0,persistence (no alpha),"max_iter=80, max_leaf_nodes=15 (fixed)"
target_116,2,1000.0,1000.0,100000.0,1e4 (fixed),1000.0,persistence (no alpha),"max_iter=80, max_leaf_nodes=15 (fixed)"
target_117,2,1000.0,100000.0,1000.0,1e4 (fixed),1000.0,persistence (no alpha),"max_iter=80, max_leaf_nodes=15 (fixed)"
target_118,2,1000.0,1000.0,100000.0,1e4 (fixed),1000.0,persistence (no alpha),"max_iter=80, max_leaf_nodes=15 (fixed)"
target_119,2,1000.0,10000.0,10000.0,1e4 (fixed),1000.0,persistence (no alpha),"max_iter=80, max_leaf_nodes=15 (fixed)"
target_120,2,1000.0,100000.0,1000.0,1e4 (fixed),1000.0,persistence (no alpha),"max_iter=80, max_leaf_nodes=15 (fixed)"
target_121,2,1000.0,100000.0,100.0,1e4 (fixed),1000.0,persistence (no alpha),"max_iter=80, max_leaf_nodes=15 (fixed)"
target_122,2,1000.0,1000.0,10000.0,1e4 (fixed),1000.0,persistence (no alpha),"max_iter=80, max_leaf_nodes=15 (fixed)"
target_123,2,1000.0,100000.0,100.0,1e4 (fixed),1000.0,persistence (no alpha),"max_iter=80, max_leaf_nodes=15 (fixed)"
target_124,2,1000.0,100.0,1000.0,1e4 (fixed),1000.0,persistence (no alpha),"max_iter=80, max_leaf_nodes=15 (fixed)"
target_125,2,1000.0,10000.0,100000.0,1e4 (fixed),1000.0,persistence (no alpha),"max_iter=80, max_leaf_nodes=15 (fixed)"
target_126,2,1000.0,100.0,1000.0,1e4 (fixed),1000.0,persistence (no alpha),"max_iter=80, max_leaf_nodes=15 (fixed)"
target_127,2,1000.0,10.0,100.0,1e4 (fixed),1000.0,persistence (no alpha),"max_iter=80, max_leaf_nodes=15 (fixed)"
target_128,2,1000.0,1000.0,100000.0,1e4 (fixed),1000.0,persistence (no alpha),"max_iter=80, max_leaf_nodes=15 (fixed)"
target_129,2,1000.0,100000.0,1000.0,1e4 (fixed),1000.0,persistence (no alpha),"max_iter=80, max_leaf_nodes=15 (fixed)"
target_130,2,1000.0,100.0,1000.0,1e4 (fixed),1000.0,persistence (no alpha),"max_iter=80, max_leaf_nodes=15 (fixed)"
target_131,2,1000.0,1000.0,100000.0,1e4 (fixed),1000.0,persistence (no alpha),"max_iter=80, max_leaf_nodes=15 (fixed)"
target_132,2,1000.0,1000.0,10000.0,1e4 (fixed),1000.0,persistence (no alpha),"max_iter=80, max_leaf_nodes=15 (fixed)"
target_133,2,1000.0,1000.0,1000.0,1e4 (fixed),1000.0,persistence (no alpha),"max_iter=80, max_leaf_nodes=15 (fixed)"
target_134,2,1000.0,1000.0,100.0,1e4 (fixed),1000.0,persistence (no alpha),"max_iter=80, max_leaf_nodes=15 (fixed)"
target_135,2,1000.0,1000.0,1000.0,1e4 (fixed),1000.0,persistence (no alpha),"max_iter=80, max_leaf_nodes=15 (fixed)"
target_136,2,1000.0,1000.0,100.0,1e4 (fixed),1000.0,persistence (no alpha),"max_iter=80, max_leaf_nodes=15 (fixed)"
target_137,2,1000.0,100000.0,10000.0,1e4 (fixed),1000.0,persistence (no alpha),"max_iter=80, max_leaf_nodes=15 (fixed)"
target_138,2,1000.0,10000.0,100000.0,1e4 (fixed),1000.0,persistence (no alpha),"max_iter=80, max_leaf_nodes=15 (fixed)"
target_139,2,1000.0,1.0,1000.0,1e4 (fixed),1000.0,persistence (no alpha),"max_iter=80, max_leaf_nodes=15 (fixed)"
target_140,2,1000.0,100000.0,100000.0,1e4 (fixed),1000.0,persistence (no alpha),"max_iter=80, max_leaf_nodes=15 (fixed)"
target_141,2,1000.0,10000.0,100.0,1e4 (fixed),1000.0,persistence (no alpha),"max_iter=80, max_leaf_nodes=15 (fixed)"
target_142,2,1000.0,100000.0,1000.0,1e4 (fixed),1000.0,persistence (no alpha),"max_iter=80, max_leaf_nodes=15 (fixed)"
target_143,2,1000.0,10000.0,100000.0,1e4 (fixed),1000.0,persistence (no alpha),"max_iter=80, max_leaf_nodes=15 (fixed)"
target_144,2,1000.0,1000.0,10000.0,1e4 (fixed),1000.0,persistence (no alpha),"max_iter=80, max_leaf_nodes=15 (fixed)"
target_145,2,1000.0,100000.0,0.0001,1e4 (fixed),1000.0,persistence (no alpha),"max_iter=80, max_leaf_nodes=15 (fixed)"
target_146,2,1000.0,1000.0,100.0,1e4 (fixed),1000.0,persistence (no alpha),"max_iter=80, max_leaf_nodes=15 (fixed)"
target_147,2,1000.0,100000.0,1000.0,1e4 (fixed),1000.0,persistence (no alpha),"max_iter=80, max_leaf_nodes=15 (fixed)"
target_148,2,1000.0,100.0,100000.0,1e4 (fixed),1000.0,persistence (no alpha),"max_iter=80, max_leaf_nodes=15 (fixed)"
target_149,2,1000.0,1000.0,100000.0,1e4 (fixed),1000.0,persistence (no alpha),"max_iter=80, max_leaf_nodes=15 (fixed)"
target_150,2,1000.0,100000.0,10000.0,1e4 (fixed),1000.0,persistence (no alpha),"max_iter=80, max_leaf_nodes=15 (fixed)"
target_151,2,1000.0,0.1,10.0,1e4 (fixed),1000.0,persistence (no alpha),"max_iter=80, max_leaf_nodes=15 (fixed)"
target_152,2,1000.0,1000.0,100.0,1e4 (fixed),1000.0,persistence (no alpha),"max_iter=80, max_leaf_nodes=15 (fixed)"
target_153,2,1000.0,10000.0,10000.0,1e4 (fixed),1000.0,persistence (no alpha),"max_iter=80, max_leaf_nodes=15 (fixed)"
target_154,2,1000.0,0.01,1000.0,1e4 (fixed),1000.0,persistence (no alpha),"max_iter=80, max_leaf_nodes=15 (fixed)"
target_155,2,1000.0,100000.0,100000.0,1e4 (fixed),1000.0,persistence (no alpha),"max_iter=80, max_leaf_nodes=15 (fixed)"
target_156,2,1000.0,1000.0,1000.0,1e4 (fixed),1000.0,persistence (no alpha),"max_iter=80, max_leaf_nodes=15 (fixed)"
target_157,2,1000.0,1.0,1000.0,1e4 (fixed),1000.0,persistence (no alpha),"max_iter=80, max_leaf_nodes=15 (fixed)"
target_158,2,1000.0,100000.0,1000.0,1e4 (fixed),1000.0,persistence (no alpha),"max_iter=80, max_leaf_nodes=15 (fixed)"
target_159,2,1000.0,100000.0,0.0001,1e4 (fixed),1000.0,persistence (no alpha),"max_iter=80, max_leaf_nodes=15 (fixed)"
target_160,2,1000.0,10000.0,1000.0,1e4 (fixed),1000.0,persistence (no alpha),"max_iter=80, max_leaf_nodes=15 (fixed)"
target_161,2,1000.0,100.0,1000.0,1e4 (fixed),1000.0,persistence (no alpha),"max_iter=80, max_leaf_nodes=15 (fixed)"
target_162,2,1000.0,100.0,1000.0,1e4 (fixed),1000.0,persistence (no alpha),"max_iter=80, max_leaf_nodes=15 (fixed)"
target_163,2,1000.0,1000.0,1000.0,1e4 (fixed),1000.0,persistence (no alpha),"max_iter=80, max_leaf_nodes=15 (fixed)"
target_164,2,1000.0,1000.0,1.0,1e4 (fixed),1000.0,persistence (no alpha),"max_iter=80, max_leaf_nodes=15 (fixed)"
target_165,2,1000.0,100.0,100000.0,1e4 (fixed),1000.0,persistence (no alpha),"max_iter=80, max_leaf_nodes=15 (fixed)"
target_166,2,1000.0,10000.0,100.0,1e4 (fixed),1000.0,persistence (no alpha),"max_iter=80, max_leaf_nodes=15 (fixed)"
target_167,2,1000.0,0.01,1000.0,1e4 (fixed),1000.0,persistence (no alpha),"max_iter=80, max_leaf_nodes=15 (fixed)"
target_168,2,1000.0,100000.0,1000.0,1e4 (fixed),1000.0,persistence (no alpha),"max_iter=80, max_leaf_nodes=15 (fixed)"
target_169,2,1000.0,100000.0,100000.0,1e4 (fixed),1000.0,persistence (no alpha),"max_iter=80, max_leaf_nodes=15 (fixed)"
target_170,2,1000.0,1000.0,1000.0,1e4 (fixed),1000.0,persistence (no alpha),"max_iter=80, max_leaf_nodes=15 (fixed)"
target_171,2,1000.0,100000.0,10000.0,1e4 (fixed),1000.0,persistence (no alpha),"max_iter=80, max_leaf_nodes=15 (fixed)"
target_172,2,1000.0,1000.0,100.0,1e4 (fixed),1000.0,persistence (no alpha),"max_iter=80, max_leaf_nodes=15 (fixed)"
target_173,2,1000.0,10000.0,1000.0,1e4 (fixed),1000.0,persistence (no alpha),"max_iter=80, max_leaf_nodes=15 (fixed)"
target_174,2,1000.0,10000.0,1000.0,1e4 (fixed),1000.0,persistence (no alpha),"max_iter=80, max_leaf_nodes=15 (fixed)"
target_175,2,1000.0,100000.0,100000.0,1e4 (fixed),1000.0,persistence (no alpha),"max_iter=80, max_leaf_nodes=15 (fixed)"
target_176,2,1000.0,100.0,1000.0,1e4 (fixed),1000.0,persistence (no alpha),"max_iter=80, max_leaf_nodes=15 (fixed)"
target_177,2,1000.0,10000.0,1000.0,1e4 (fixed),1000.0,persistence (no alpha),"max_iter=80, max_leaf_nodes=15 (fixed)"
target_178,2,1000.0,100.0,100000.0,1e4 (fixed),1000.0,persistence (no alpha),"max_iter=80, max_leaf_nodes=15 (fixed)"
target_179,2,1000.0,10000.0,1000.0,1e4 (fixed),1000.0,persistence (no alpha),"max_iter=80, max_leaf_nodes=15 (fixed)"
target_180,2,1000.0,1000.0,10000.0,1e4 (fixed),1000.0,persistence (no alpha),"max_iter=80, max_leaf_nodes=15 (fixed)"
target_181,2,1000.0,100.0,10000.0,1e4 (fixed),1000.0,persistence (no alpha),"max_iter=80, max_leaf_nodes=15 (fixed)"
target_182,2,1000.0,1000.0,1000.0,1e4 (fixed),1000.0,persistence (no alpha),"max_iter=80, max_leaf_nodes=15 (fixed)"
target_183,2,1000.0,10000.0,100000.0,1e4 (fixed),1000.0,persistence (no alpha),"max_iter=80, max_leaf_nodes=15 (fixed)"
target_184,2,1000.0,100000.0,10000.0,1e4 (fixed),1000.0,persistence (no alpha),"max_iter=80, max_leaf_nodes=15 (fixed)"
target_185,2,1000.0,100000.0,100000.0,1e4 (fixed),1000.0,persistence (no alpha),"max_iter=80, max_leaf_nodes=15 (fixed)"
target_186,2,1000.0,0.1,100.0,1e4 (fixed),1000.0,persistence (no alpha),"max_iter=80, max_leaf_nodes=15 (fixed)"
target_187,2,1000.0,0.001,1000.0,1e4 (fixed),1000.0,persistence (no alpha),"max_iter=80, max_leaf_nodes=15 (fixed)"
target_188,2,1000.0,100000.0,10000.0,1e4 (fixed),1000.0,persistence (no alpha),"max_iter=80, max_leaf_nodes=15 (fixed)"
target_189,2,1000.0,100000.0,100000.0,1e4 (fixed),1000.0,persistence (no alpha),"max_iter=80, max_leaf_nodes=15 (fixed)"
target_190,2,1000.0,100000.0,10000.0,1e4 (fixed),1000.0,persistence (no alpha),"max_iter=80, max_leaf_nodes=15 (fixed)"
target_191,2,1000.0,1.0,10000.0,1e4 (fixed),1000.0,persistence (no alpha),"max_iter=80, max_leaf_nodes=15 (fixed)"
target_192,2,1000.0,0.0001,100.0,1e4 (fixed),1000.0,persistence (no alpha),"max_iter=80, max_leaf_nodes=15 (fixed)"
target_193,2,1000.0,100000.0,100000.0,1e4 (fixed),1000.0,persistence (no alpha),"max_iter=80, max_leaf_nodes=15 (fixed)"
target_194,2,1000.0,100000.0,100000.0,1e4 (fixed),1000.0,persistence (no alpha),"max_iter=80, max_leaf_nodes=15 (fixed)"
target_195,2,1000.0,1000.0,1000.0,1e4 (fixed),1000.0,persistence (no alpha),"max_iter=80, max_leaf_nodes=15 (fixed)"
target_196,2,1000.0,10000.0,1000.0,1e4 (fixed),1000.0,persistence (no alpha),"max_iter=80, max_leaf_nodes=15 (fixed)"
target_197,2,1000.0,1000.0,0.0001,1e4 (fixed),1000.0,persistence (no alpha),"max_iter=80, max_leaf_nodes=15 (fixed)"
target_198,2,1000.0,100000.0,10000.0,1e4 (fixed),1000.0,persistence (no alpha),"max_iter=80, max_leaf_nodes=15 (fixed)"
target_199,2,1000.0,10000.0,100000.0,1e4 (fixed),1000.0,persistence (no alpha),"max_iter=80, max_leaf_nodes=15 (fixed)"
target_200,2,1000.0,100000.0,10000.0,1e4 (fixed),1000.0,persistence (no alpha),"max_iter=80, max_leaf_nodes=15 (fixed)"
target_201,2,1000.0,1000.0,10000.0,1e4 (fixed),1000.0,persistence (no alpha),"max_iter=80, max_leaf_nodes=15 (fixed)"
target_202,2,1000.0,0.01,1000.0,1e4 (fixed),1000.0,persistence (no alpha),"max_iter=80, max_leaf_nodes=15 (fixed)"
target_203,2,1000.0,100000.0,100.0,1e4 (fixed),1000.0,persistence (no alpha),"max_iter=80, max_leaf_nodes=15 (fixed)"
target_204,2,1000.0,1000.0,10000.0,1e4 (fixed),1000.0,persistence (no alpha),"max_iter=80, max_leaf_nodes=15 (fixed)"
target_205,2,1000.0,1000.0,1000.0,1e4 (fixed),1000.0,persistence (no alpha),"max_iter=80, max_leaf_nodes=15 (fixed)"
target_206,2,1000.0,1000.0,100000.0,1e4 (fixed),1000.0,persistence (no alpha),"max_iter=80, max_leaf_nodes=15 (fixed)"
target_207,2,1000.0,0.0001,100000.0,1e4 (fixed),1000.0,persistence (no alpha),"max_iter=80, max_leaf_nodes=15 (fixed)"
target_208,2,1000.0,1000.0,1000.0,1e4 (fixed),1000.0,persistence (no alpha),"max_iter=80, max_leaf_nodes=15 (fixed)"
target_209,2,1000.0,100000.0,1000.0,1e4 (fixed),1000.0,persistence (no alpha),"max_iter=80, max_leaf_nodes=15 (fixed)"
target_210,2,1000.0,1000.0,10000.0,1e4 (fixed),1000.0,persistence (no alpha),"max_iter=80, max_leaf_nodes=15 (fixed)"
target_211,2,1000.0,10000.0,10000.0,1e4 (fixed),1000.0,persistence (no alpha),"max_iter=80, max_leaf_nodes=15 (fixed)"
target_212,3,1000.0,100000.0,100000.0,1e4 (fixed),1000.0,persistence (no alpha),"max_iter=80, max_leaf_nodes=15 (fixed)"
target_213,3,1000.0,1000.0,1000.0,1e4 (fixed),1000.0,persistence (no alpha),"max_iter=80, max_leaf_nodes=15 (fixed)"
target_214,3,1000.0,100000.0,100.0,1e4 (fixed),1000.0,persistence (no alpha),"max_iter=80, max_leaf_nodes=15 (fixed)"
target_215,3,1000.0,100000.0,10000.0,1e4 (fixed),1000.0,persistence (no alpha),"max_iter=80, max_leaf_nodes=15 (fixed)"
target_216,3,1000.0,100.0,10000.0,1e4 (fixed),1000.0,persistence (no alpha),"max_iter=80, max_leaf_nodes=15 (fixed)"
target_217,3,1000.0,100000.0,100000.0,1e4 (fixed),1000.0,persistence (no alpha),"max_iter=80, max_leaf_nodes=15 (fixed)"
target_218,3,1000.0,100000.0,1000.0,1e4 (fixed),1000.0,persistence (no alpha),"max_iter=80, max_leaf_nodes=15 (fixed)"
target_219,3,1000.0,1000.0,1000.0,1e4 (fixed),1000.0,persistence (no alpha),"max_iter=80, max_leaf_nodes=15 (fixed)"
target_220,3,1000.0,10000.0,1000.0,1e4 (fixed),1000.0,persistence (no alpha),"max_iter=80, max_leaf_nodes=15 (fixed)"
target_221,3,1000.0,100.0,0.0001,1e4 (fixed),1000.0,persistence (no alpha),"max_iter=80, max_leaf_nodes=15 (fixed)"
target_222,3,1000.0,100000.0,10000.0,1e4 (fixed),1000.0,persistence (no alpha),"max_iter=80, max_leaf_nodes=15 (fixed)"
target_223,3,1000.0,100000.0,100000.0,1e4 (fixed),1000.0,persistence (no alpha),"max_iter=80, max_leaf_nodes=15 (fixed)"
target_224,3,1000.0,100.0,10000.0,1e4 (fixed),1000.0,persistence (no alpha),"max_iter=80, max_leaf_nodes=15 (fixed)"
target_225,3,1000.0,100.0,1000.0,1e4 (fixed),1000.0,persistence (no alpha),"max_iter=80, max_leaf_nodes=15 (fixed)"
target_226,3,1000.0,10000.0,10000.0,1e4 (fixed),1000.0,persistence (no alpha),"max_iter=80, max_leaf_nodes=15 (fixed)"
target_227,3,1000.0,1000.0,1000.0,1e4 (fixed),1000.0,persistence (no alpha),"max_iter=80, max_leaf_nodes=15 (fixed)"
target_228,3,1000.0,100.0,1000.0,1e4 (fixed),1000.0,persistence (no alpha),"max_iter=80, max_leaf_nodes=15 (fixed)"
target_229,3,1000.0,100000.0,10000.0,1e4 (fixed),1000.0,persistence (no alpha),"max_iter=80, max_leaf_nodes=15 (fixed)"
target_230,3,1000.0,100.0,10.0,1e4 (fixed),1000.0,persistence (no alpha),"max_iter=80, max_leaf_nodes=15 (fixed)"
target_231,3,1000.0,100000.0,10000.0,1e4 (fixed),1000.0,persistence (no alpha),"max_iter=80, max_leaf_nodes=15 (fixed)"
target_232,3,1000.0,0.01,100000.0,1e4 (fixed),1000.0,persistence (no alpha),"max_iter=80, max_leaf_nodes=15 (fixed)"
target_233,3,1000.0,100000.0,1000.0,1e4 (fixed),1000.0,persistence (no alpha),"max_iter=80, max_leaf_nodes=15 (fixed)"
target_234,3,1000.0,100.0,1000.0,1e4 (fixed),1000.0,persistence (no alpha),"max_iter=80, max_leaf_nodes=15 (fixed)"
target_235,3,1000.0,0.1,100000.0,1e4 (fixed),1000.0,persistence (no alpha),"max_iter=80, max_leaf_nodes=15 (fixed)"
target_236,3,1000.0,100000.0,10000.0,1e4 (fixed),1000.0,persistence (no alpha),"max_iter=80, max_leaf_nodes=15 (fixed)"
target_237,3,1000.0,10000.0,10000.0,1e4 (fixed),1000.0,persistence (no alpha),"max_iter=80, max_leaf_nodes=15 (fixed)"
target_238,3,1000.0,1000.0,100000.0,1e4 (fixed),1000.0,persistence (no alpha),"max_iter=80, max_leaf_nodes=15 (fixed)"
target_239,3,1000.0,100000.0,100000.0,1e4 (fixed),1000.0,persistence (no alpha),"max_iter=80, max_leaf_nodes=15 (fixed)"
target_240,3,1000.0,100000.0,1000.0,1e4 (fixed),1000.0,persistence (no alpha),"max_iter=80, max_leaf_nodes=15 (fixed)"
target_241,3,1000.0,10000.0,10000.0,1e4 (fixed),1000.0,persistence (no alpha),"max_iter=80, max_leaf_nodes=15 (fixed)"
target_242,3,1000.0,100.0,100.0,1e4 (fixed),1000.0,persistence (no alpha),"max_iter=80, max_leaf_nodes=15 (fixed)"
target_243,3,1000.0,1000.0,1000.0,1e4 (fixed),1000.0,persistence (no alpha),"max_iter=80, max_leaf_nodes=15 (fixed)"
target_244,3,1000.0,1.0,100000.0,1e4 (fixed),1000.0,persistence (no alpha),"max_iter=80, max_leaf_nodes=15 (fixed)"
target_245,3,1000.0,0.001,10000.0,1e4 (fixed),1000.0,persistence (no alpha),"max_iter=80, max_leaf_nodes=15 (fixed)"
target_246,3,1000.0,1000.0,10000.0,1e4 (fixed),1000.0,persistence (no alpha),"max_iter=80, max_leaf_nodes=15 (fixed)"
target_247,3,1000.0,1000.0,10000.0,1e4 (fixed),1000.0,persistence (no alpha),"max_iter=80, max_leaf_nodes=15 (fixed)"
target_248,3,1000.0,1000.0,1000.0,1e4 (fixed),1000.0,persistence (no alpha),"max_iter=80, max_leaf_nodes=15 (fixed)"
target_249,3,1000.0,0.01,10000.0,1e4 (fixed),1000.0,persistence (no alpha),"max_iter=80, max_leaf_nodes=15 (fixed)"
target_250,3,1000.0,100000.0,10000.0,1e4 (fixed),1000.0,persistence (no alpha),"max_iter=80, max_leaf_nodes=15 (fixed)"
target_251,3,1000.0,10000.0,100000.0,1e4 (fixed),1000.0,persistence (no alpha),"max_iter=80, max_leaf_nodes=15 (fixed)"
target_252,3,1000.0,10.0,1000.0,1e4 (fixed),1000.0,persistence (no alpha),"max_iter=80, max_leaf_nodes=15 (fixed)"
target_253,3,1000.0,10000.0,10000.0,1e4 (fixed),1000.0,persistence (no alpha),"max_iter=80, max_leaf_nodes=15 (fixed)"
target_254,3,1000.0,0.0001,1000.0,1e4 (fixed),1000.0,persistence (no alpha),"max_iter=80, max_leaf_nodes=15 (fixed)"
target_255,3,1000.0,10000.0,1.0,1e4 (fixed),1000.0,persistence (no alpha),"max_iter=80, max_leaf_nodes=15 (fixed)"
target_256,3,1000.0,100000.0,1.0,1e4 (fixed),1000.0,persistence (no alpha),"max_iter=80, max_leaf_nodes=15 (fixed)"
target_257,3,1000.0,100000.0,100000.0,1e4 (fixed),1000.0,persistence (no alpha),"max_iter=80, max_leaf_nodes=15 (fixed)"
target_258,3,1000.0,10000.0,1000.0,1e4 (fixed),1000.0,persistence (no alpha),"max_iter=80, max_leaf_nodes=15 (fixed)"
target_259,3,1000.0,10000.0,1000.0,1e4 (fixed),1000.0,persistence (no alpha),"max_iter=80, max_leaf_nodes=15 (fixed)"
target_260,3,1000.0,100000.0,10000.0,1e4 (fixed),1000.0,persistence (no alpha),"max_iter=80, max_leaf_nodes=15 (fixed)"
target_261,3,1000.0,10000.0,1000.0,1e4 (fixed),1000.0,persistence (no alpha),"max_iter=80, max_leaf_nodes=15 (fixed)"
target_262,3,1000.0,100000.0,0.0001,1e4 (fixed),1000.0,persistence (no alpha),"max_iter=80, max_leaf_nodes=15 (fixed)"
target_263,3,1000.0,0.01,1000.0,1e4 (fixed),1000.0,persistence (no alpha),"max_iter=80, max_leaf_nodes=15 (fixed)"
target_264,3,1000.0,10000.0,1000.0,1e4 (fixed),1000.0,persistence (no alpha),"max_iter=80, max_leaf_nodes=15 (fixed)"
target_265,3,1000.0,10000.0,10000.0,1e4 (fixed),1000.0,persistence (no alpha),"max_iter=80, max_leaf_nodes=15 (fixed)"
target_266,3,1000.0,10000.0,1000.0,1e4 (fixed),1000.0,persistence (no alpha),"max_iter=80, max_leaf_nodes=15 (fixed)"
target_267,3,1000.0,1000.0,1000.0,1e4 (fixed),1000.0,persistence (no alpha),"max_iter=80, max_leaf_nodes=15 (fixed)"
target_268,3,1000.0,100000.0,100000.0,1e4 (fixed),1000.0,persistence (no alpha),"max_iter=80, max_leaf_nodes=15 (fixed)"
target_269,3,1000.0,1000.0,100000.0,1e4 (fixed),1000.0,persistence (no alpha),"max_iter=80, max_leaf_nodes=15 (fixed)"
target_270,3,1000.0,100000.0,100000.0,1e4 (fixed),1000.0,persistence (no alpha),"max_iter=80, max_leaf_nodes=15 (fixed)"
target_271,3,1000.0,1000.0,10000.0,1e4 (fixed),1000.0,persistence (no alpha),"max_iter=80, max_leaf_nodes=15 (fixed)"
target_272,3,1000.0,0.1,10000.0,1e4 (fixed),1000.0,persistence (no alpha),"max_iter=80, max_leaf_nodes=15 (fixed)"
target_273,3,1000.0,100.0,100.0,1e4 (fixed),1000.0,persistence (no alpha),"max_iter=80, max_leaf_nodes=15 (fixed)"
target_274,3,1000.0,10000.0,10000.0,1e4 (fixed),1000.0,persistence (no alpha),"max_iter=80, max_leaf_nodes=15 (fixed)"
target_275,3,1000.0,0.01,1000.0,1e4 (fixed),1000.0,persistence (no alpha),"max_iter=80, max_leaf_nodes=15 (fixed)"
target_276,3,1000.0,10.0,100000.0,1e4 (fixed),1000.0,persistence (no alpha),"max_iter=80, max_leaf_nodes=15 (fixed)"
target_277,3,1000.0,10000.0,10000.0,1e4 (fixed),1000.0,persistence (no alpha),"max_iter=80, max_leaf_nodes=15 (fixed)"
target_278,3,1000.0,100000.0,1000.0,1e4 (fixed),1000.0,persistence (no alpha),"max_iter=80, max_leaf_nodes=15 (fixed)"
target_279,3,1000.0,1000.0,1000.0,1e4 (fixed),1000.0,persistence (no alpha),"max_iter=80, max_leaf_nodes=15 (fixed)"
target_280,3,1000.0,10000.0,10000.0,1e4 (fixed),1000.0,persistence (no alpha),"max_iter=80, max_leaf_nodes=15 (fixed)"
target_281,3,1000.0,10000.0,100.0,1e4 (fixed),1000.0,persistence (no alpha),"max_iter=80, max_leaf_nodes=15 (fixed)"
target_282,3,1000.0,1000.0,10000.0,1e4 (fixed),1000.0,persistence (no alpha),"max_iter=80, max_leaf_nodes=15 (fixed)"
target_283,3,1000.0,1000.0,100.0,1e4 (fixed),1000.0,persistence (no alpha),"max_iter=80, max_leaf_nodes=15 (fixed)"
target_284,3,1000.0,10000.0,100.0,1e4 (fixed),1000.0,persistence (no alpha),"max_iter=80, max_leaf_nodes=15 (fixed)"
target_285,3,1000.0,100000.0,100.0,1e4 (fixed),1000.0,persistence (no alpha),"max_iter=80, max_leaf_nodes=15 (fixed)"
target_286,3,1000.0,100.0,10000.0,1e4 (fixed),1000.0,persistence (no alpha),"max_iter=80, max_leaf_nodes=15 (fixed)"
target_287,3,1000.0,100000.0,100.0,1e4 (fixed),1000.0,persistence (no alpha),"max_iter=80, max_leaf_nodes=15 (fixed)"
target_288,3,1000.0,100.0,100.0,1e4 (fixed),1000.0,persistence (no alpha),"max_iter=80, max_leaf_nodes=15 (fixed)"
target_289,3,1000.0,100.0,100.0,1e4 (fixed),1000.0,persistence (no alpha),"max_iter=80, max_leaf_nodes=15 (fixed)"
target_290,3,1000.0,1000.0,10000.0,1e4 (fixed),1000.0,persistence (no alpha),"max_iter=80, max_leaf_nodes=15 (fixed)"
target_291,3,1000.0,100000.0,10000.0,1e4 (fixed),1000.0,persistence (no alpha),"max_iter=80, max_leaf_nodes=15 (fixed)"
target_292,3,1000.0,10000.0,10000.0,1e4 (fixed),1000.0,persistence (no alpha),"max_iter=80, max_leaf_nodes=15 (fixed)"
target_293,3,1000.0,100.0,1000.0,1e4 (fixed),1000.0,persistence (no alpha),"max_iter=80, max_leaf_nodes=15 (fixed)"
target_294,3,1000.0,100000.0,100000.0,1e4 (fixed),1000.0,persistence (no alpha),"max_iter=80, max_leaf_nodes=15 (fixed)"
target_295,3,1000.0,10000.0,0.0001,1e4 (fixed),1000.0,persistence (no alpha),"max_iter=80, max_leaf_nodes=15 (fixed)"
target_296,3,1000.0,0.0001,10000.0,1e4 (fixed),1000.0,persistence (no alpha),"max_iter=80, max_leaf_nodes=15 (fixed)"
target_297,3,1000.0,10.0,1000.0,1e4 (fixed),1000.0,persistence (no alpha),"max_iter=80, max_leaf_nodes=15 (fixed)"
target_298,3,1000.0,1000.0,1000.0,1e4 (fixed),1000.0,persistence (no alpha),"max_iter=80, max_leaf_nodes=15 (fixed)"
target_299,3,1000.0,10000.0,1000.0,1e4 (fixed),1000.0,persistence (no alpha),"max_iter=80, max_leaf_nodes=15 (fixed)"
target_300,3,1000.0,100.0,1000.0,1e4 (fixed),1000.0,persistence (no alpha),"max_iter=80, max_leaf_nodes=15 (fixed)"
target_301,3,1000.0,10000.0,100000.0,1e4 (fixed),1000.0,persistence (no alpha),"max_iter=80, max_leaf_nodes=15 (fixed)"
target_302,3,1000.0,100000.0,100000.0,1e4 (fixed),1000.0,persistence (no alpha),"max_iter=80, max_leaf_nodes=15 (fixed)"
target_303,3,1000.0,1.0,10000.0,1e4 (fixed),1000.0,persistence (no alpha),"max_iter=80, max_leaf_nodes=15 (fixed)"
target_304,3,1000.0,1000.0,100000.0,1e4 (fixed),1000.0,persistence (no alpha),"max_iter=80, max_leaf_nodes=15 (fixed)"
target_305,3,1000.0,100000.0,100000.0,1e4 (fixed),1000.0,persistence (no alpha),"max_iter=80, max_leaf_nodes=15 (fixed)"
target_306,3,1000.0,1000.0,1000.0,1e4 (fixed),1000.0,persistence (no alpha),"max_iter=80, max_leaf_nodes=15 (fixed)"
target_307,3,1000.0,100.0,1000.0,1e4 (fixed),1000.0,persistence (no alpha),"max_iter=80, max_leaf_nodes=15 (fixed)"
target_308,3,1000.0,100000.0,100.0,1e4 (fixed),1000.0,persistence (no alpha),"max_iter=80, max_leaf_nodes=15 (fixed)"
target_309,3,1000.0,100000.0,1000.0,1e4 (fixed),1000.0,persistence (no alpha),"max_iter=80, max_leaf_nodes=15 (fixed)"
target_310,3,1000.0,100000.0,100.0,1e4 (fixed),1000.0,persistence (no alpha),"max_iter=80, max_leaf_nodes=15 (fixed)"
target_311,3,1000.0,10.0,100.0,1e4 (fixed),1000.0,persistence (no alpha),"max_iter=80, max_leaf_nodes=15 (fixed)"
target_312,3,1000.0,1000.0,10000.0,1e4 (fixed),1000.0,persistence (no alpha),"max_iter=80, max_leaf_nodes=15 (fixed)"
target_313,3,1000.0,0.0001,10000.0,1e4 (fixed),1000.0,persistence (no alpha),"max_iter=80, max_leaf_nodes=15 (fixed)"
target_314,3,1000.0,1000.0,1000.0,1e4 (fixed),1000.0,persistence (no alpha),"max_iter=80, max_leaf_nodes=15 (fixed)"
target_315,3,1000.0,1000.0,1000.0,1e4 (fixed),1000.0,persistence (no alpha),"max_iter=80, max_leaf_nodes=15 (fixed)"
target_316,3,1000.0,1000.0,1000.0,1e4 (fixed),1000.0,persistence (no alpha),"max_iter=80, max_leaf_nodes=15 (fixed)"
target_317,3,1000.0,10000.0,100000.0,1e4 (fixed),1000.0,persistence (no alpha),"max_iter=80, max_leaf_nodes=15 (fixed)"
target_318,4,1000.0,100.0,10000.0,1e4 (fixed),1000.0,persistence (no alpha),"max_iter=80, max_leaf_nodes=15 (fixed)"
target_319,4,1000.0,1000.0,1000.0,1e4 (fixed),1000.0,persistence (no alpha),"max_iter=80, max_leaf_nodes=15 (fixed)"
target_320,4,1000.0,100.0,1000.0,1e4 (fixed),1000.0,persistence (no alpha),"max_iter=80, max_leaf_nodes=15 (fixed)"
target_321,4,1000.0,1000.0,1000.0,1e4 (fixed),1000.0,persistence (no alpha),"max_iter=80, max_leaf_nodes=15 (fixed)"
target_322,4,1000.0,1000.0,1000.0,1e4 (fixed),1000.0,persistence (no alpha),"max_iter=80, max_leaf_nodes=15 (fixed)"
target_323,4,1000.0,1000.0,10000.0,1e4 (fixed),1000.0,persistence (no alpha),"max_iter=80, max_leaf_nodes=15 (fixed)"
target_324,4,1000.0,10000.0,100.0,1e4 (fixed),1000.0,persistence (no alpha),"max_iter=80, max_leaf_nodes=15 (fixed)"
target_325,4,1000.0,100000.0,100000.0,1e4 (fixed),1000.0,persistence (no alpha),"max_iter=80, max_leaf_nodes=15 (fixed)"
target_326,4,1000.0,10000.0,1000.0,1e4 (fixed),1000.0,persistence (no alpha),"max_iter=80, max_leaf_nodes=15 (fixed)"
target_327,4,1000.0,100000.0,10000.0,1e4 (fixed),1000.0,persistence (no alpha),"max_iter=80, max_leaf_nodes=15 (fixed)"
target_328,4,1000.0,10000.0,1000.0,1e4 (fixed),1000.0,persistence (no alpha),"max_iter=80, max_leaf_nodes=15 (fixed)"
target_329,4,1000.0,100000.0,1000.0,1e4 (fixed),1000.0,persistence (no alpha),"max_iter=80, max_leaf_nodes=15 (fixed)"
target_330,4,1000.0,10000.0,10000.0,1e4 (fixed),1000.0,persistence (no alpha),"max_iter=80, max_leaf_nodes=15 (fixed)"
target_331,4,1000.0,100.0,100.0,1e4 (fixed),1000.0,persistence (no alpha),"max_iter=80, max_leaf_nodes=15 (fixed)"
target_332,4,1000.0,1000.0,10000.0,1e4 (fixed),1000.0,persistence (no alpha),"max_iter=80, max_leaf_nodes=15 (fixed)"
target_333,4,1000.0,0.001,1000.0,1e4 (fixed),1000.0,persistence (no alpha),"max_iter=80, max_leaf_nodes=15 (fixed)"
target_334,4,1000.0,10000.0,1000.0,1e4 (fixed),1000.0,persistence (no alpha),"max_iter=80, max_leaf_nodes=15 (fixed)"
target_335,4,1000.0,100.0,1.0,1e4 (fixed),1000.0,persistence (no alpha),"max_iter=80, max_leaf_nodes=15 (fixed)"
target_336,4,1000.0,100000.0,1000.0,1e4 (fixed),1000.0,persistence (no alpha),"max_iter=80, max_leaf_nodes=15 (fixed)"
target_337,4,1000.0,1000.0,0.1,1e4 (fixed),1000.0,persistence (no alpha),"max_iter=80, max_leaf_nodes=15 (fixed)"
target_338,4,1000.0,0.1,100.0,1e4 (fixed),1000.0,persistence (no alpha),"max_iter=80, max_leaf_nodes=15 (fixed)"
target_339,4,1000.0,1000.0,10000.0,1e4 (fixed),1000.0,persistence (no alpha),"max_iter=80, max_leaf_nodes=15 (fixed)"
target_340,4,1000.0,100000.0,10000.0,1e4 (fixed),1000.0,persistence (no alpha),"max_iter=80, max_leaf_nodes=15 (fixed)"
target_341,4,1000.0,100000.0,10000.0,1e4 (fixed),1000.0,persistence (no alpha),"max_iter=80, max_leaf_nodes=15 (fixed)"
target_342,4,1000.0,1000.0,100000.0,1e4 (fixed),1000.0,persistence (no alpha),"max_iter=80, max_leaf_nodes=15 (fixed)"
target_343,4,1000.0,1.0,100000.0,1e4 (fixed),1000.0,persistence (no alpha),"max_iter=80, max_leaf_nodes=15 (fixed)"
target_344,4,1000.0,1000.0,100000.0,1e4 (fixed),1000.0,persistence (no alpha),"max_iter=80, max_leaf_nodes=15 (fixed)"
target_345,4,1000.0,10000.0,10000.0,1e4 (fixed),1000.0,persistence (no alpha),"max_iter=80, max_leaf_nodes=15 (fixed)"
target_346,4,1000.0,0.1,1000.0,1e4 (fixed),1000.0,persistence (no alpha),"max_iter=80, max_leaf_nodes=15 (fixed)"
target_347,4,1000.0,100000.0,1000.0,1e4 (fixed),1000.0,persistence (no alpha),"max_iter=80, max_leaf_nodes=15 (fixed)"
target_348,4,1000.0,100000.0,100000.0,1e4 (fixed),1000.0,persistence (no alpha),"max_iter=80, max_leaf_nodes=15 (fixed)"
target_349,4,1000.0,10000.0,10000.0,1e4 (fixed),1000.0,persistence (no alpha),"max_iter=80, max_leaf_nodes=15 (fixed)"
target_350,4,1000.0,100.0,1000.0,1e4 (fixed),1000.0,persistence (no alpha),"max_iter=80, max_leaf_nodes=15 (fixed)"
target_351,4,1000.0,100000.0,10000.0,1e4 (fixed),1000.0,persistence (no alpha),"max_iter=80, max_leaf_nodes=15 (fixed)"
target_352,4,1000.0,1.0,10000.0,1e4 (fixed),1000.0,persistence (no alpha),"max_iter=80, max_leaf_nodes=15 (fixed)"
target_353,4,1000.0,100000.0,100000.0,1e4 (fixed),1000.0,persistence (no alpha),"max_iter=80, max_leaf_nodes=15 (fixed)"
target_354,4,1000.0,100000.0,100000.0,1e4 (fixed),1000.0,persistence (no alpha),"max_iter=80, max_leaf_nodes=15 (fixed)"
target_355,4,1000.0,10.0,1000.0,1e4 (fixed),1000.0,persistence (no alpha),"max_iter=80, max_leaf_nodes=15 (fixed)"
target_356,4,1000.0,1000.0,1000.0,1e4 (fixed),1000.0,persistence (no alpha),"max_iter=80, max_leaf_nodes=15 (fixed)"
target_357,4,1000.0,1000.0,1000.0,1e4 (fixed),1000.0,persistence (no alpha),"max_iter=80, max_leaf_nodes=15 (fixed)"
target_358,4,1000.0,1000.0,10000.0,1e4 (fixed),1000.0,persistence (no alpha),"max_iter=80, max_leaf_nodes=15 (fixed)"
target_359,4,1000.0,10.0,10.0,1e4 (fixed),1000.0,persistence (no alpha),"max_iter=80, max_leaf_nodes=15 (fixed)"
target_360,4,1000.0,10000.0,0.001,1e4 (fixed),1000.0,persistence (no alpha),"max_iter=80, max_leaf_nodes=15 (fixed)"
target_361,4,1000.0,10000.0,1000.0,1e4 (fixed),1000.0,persistence (no alpha),"max_iter=80, max_leaf_nodes=15 (fixed)"
target_362,4,1000.0,10000.0,10000.0,1e4 (fixed),1000.0,persistence (no alpha),"max_iter=80, max_leaf_nodes=15 (fixed)"
target_363,4,1000.0,100000.0,100000.0,1e4 (fixed),1000.0,persistence (no alpha),"max_iter=80, max_leaf_nodes=15 (fixed)"
target_364,4,1000.0,100000.0,10000.0,1e4 (fixed),1000.0,persistence (no alpha),"max_iter=80, max_leaf_nodes=15 (fixed)"
target_365,4,1000.0,10000.0,10000.0,1e4 (fixed),1000.0,persistence (no alpha),"max_iter=80, max_leaf_nodes=15 (fixed)"
target_366,4,1000.0,1000.0,100000.0,1e4 (fixed),1000.0,persistence (no alpha),"max_iter=80, max_leaf_nodes=15 (fixed)"
target_367,4,1000.0,10000.0,10000.0,1e4 (fixed),1000.0,persistence (no alpha),"max_iter=80, max_leaf_nodes=15 (fixed)"
target_368,4,1000.0,100000.0,1000.0,1e4 (fixed),1000.0,persistence (no alpha),"max_iter=80, max_leaf_nodes=15 (fixed)"
target_369,4,1000.0,100000.0,10000.0,1e4 (fixed),1000.0,persistence (no alpha),"max_iter=80, max_leaf_nodes=15 (fixed)"
target_370,4,1000.0,10000.0,10000.0,1e4 (fixed),1000.0,persistence (no alpha),"max_iter=80, max_leaf_nodes=15 (fixed)"
target_371,4,1000.0,100000.0,1000.0,1e4 (fixed),1000.0,persistence (no alpha),"max_iter=80, max_leaf_nodes=15 (fixed)"
target_372,4,1000.0,100000.0,100000.0,1e4 (fixed),1000.0,persistence (no alpha),"max_iter=80, max_leaf_nodes=15 (fixed)"
target_373,4,1000.0,10.0,10000.0,1e4 (fixed),1000.0,persistence (no alpha),"max_iter=80, max_leaf_nodes=15 (fixed)"
target_374,4,1000.0,10000.0,1000.0,1e4 (fixed),1000.0,persistence (no alpha),"max_iter=80, max_leaf_nodes=15 (fixed)"
target_375,4,1000.0,100000.0,100000.0,1e4 (fixed),1000.0,persistence (no alpha),"max_iter=80, max_leaf_nodes=15 (fixed)"
target_376,4,1000.0,10000.0,1000.0,1e4 (fixed),1000.0,persistence (no alpha),"max_iter=80, max_leaf_nodes=15 (fixed)"
target_377,4,1000.0,100000.0,100000.0,1e4 (fixed),1000.0,persistence (no alpha),"max_iter=80, max_leaf_nodes=15 (fixed)"
target_378,4,1000.0,100000.0,100000.0,1e4 (fixed),1000.0,persistence (no alpha),"max_iter=80, max_leaf_nodes=15 (fixed)"
target_379,4,1000.0,1000.0,100000.0,1e4 (fixed),1000.0,persistence (no alpha),"max_iter=80, max_leaf_nodes=15 (fixed)"
target_380,4,1000.0,10000.0,0.01,1e4 (fixed),1000.0,persistence (no alpha),"max_iter=80, max_leaf_nodes=15 (fixed)"
target_381,4,1000.0,10000.0,10000.0,1e4 (fixed),1000.0,persistence (no alpha),"max_iter=80, max_leaf_nodes=15 (fixed)"
target_382,4,1000.0,100000.0,1000.0,1e4 (fixed),1000.0,persistence (no alpha),"max_iter=80, max_leaf_nodes=15 (fixed)"
target_383,4,1000.0,10000.0,10000.0,1e4 (fixed),1000.0,persistence (no alpha),"max_iter=80, max_leaf_nodes=15 (fixed)"
target_384,4,1000.0,100.0,100000.0,1e4 (fixed),1000.0,persistence (no alpha),"max_iter=80, max_leaf_nodes=15 (fixed)"
target_385,4,1000.0,10000.0,100000.0,1e4 (fixed),1000.0,persistence (no alpha),"max_iter=80, max_leaf_nodes=15 (fixed)"
target_386,4,1000.0,10000.0,10000.0,1e4 (fixed),1000.0,persistence (no alpha),"max_iter=80, max_leaf_nodes=15 (fixed)"
target_387,4,1000.0,100.0,1000.0,1e4 (fixed),1000.0,persistence (no alpha),"max_iter=80, max_leaf_nodes=15 (fixed)"
target_388,4,1000.0,10000.0,100000.0,1e4 (fixed),1000.0,persistence (no alpha),"max_iter=80, max_leaf_nodes=15 (fixed)"
target_389,4,1000.0,100000.0,100000.0,1e4 (fixed),1000.0,persistence (no alpha),"max_iter=80, max_leaf_nodes=15 (fixed)"
target_390,4,1000.0,100.0,1000.0,1e4 (fixed),1000.0,persistence (no alpha),"max_iter=80, max_leaf_nodes=15 (fixed)"
target_391,4,1000.0,0.1,100000.0,1e4 (fixed),1000.0,persistence (no alpha),"max_iter=80, max_leaf_nodes=15 (fixed)"
target_392,4,1000.0,10000.0,100000.0,1e4 (fixed),1000.0,persistence (no alpha),"max_iter=80, max_leaf_nodes=15 (fixed)"
target_393,4,1000.0,1000.0,100000.0,1e4 (fixed),1000.0,persistence (no alpha),"max_iter=80, max_leaf_nodes=15 (fixed)"
target_394,4,1000.0,10.0,10000.0,1e4 (fixed),1000.0,persistence (no alpha),"max_iter=80, max_leaf_nodes=15 (fixed)"
target_395,4,1000.0,100000.0,10000.0,1e4 (fixed),1000.0,persistence (no alpha),"max_iter=80, max_leaf_nodes=15 (fixed)"
target_396,4,1000.0,0.0001,10000.0,1e4 (fixed),1000.0,persistence (no alpha),"max_iter=80, max_leaf_nodes=15 (fixed)"
target_397,4,1000.0,1000.0,1000.0,1e4 (fixed),1000.0,persistence (no alpha),"max_iter=80, max_leaf_nodes=15 (fixed)"
target_398,4,1000.0,0.01,10000.0,1e4 (fixed),1000.0,persistence (no alpha),"max_iter=80, max_leaf_nodes=15 (fixed)"
target_399,4,1000.0,10000.0,100000.0,1e4 (fixed),1000.0,persistence (no alpha),"max_iter=80, max_leaf_nodes=15 (fixed)"
target_400,4,1000.0,100000.0,100000.0,1e4 (fixed),1000.0,persistence (no alpha),"max_iter=80, max_leaf_nodes=15 (fixed)"
target_401,4,1000.0,10000.0,10000.0,1e4 (fixed),1000.0,persistence (no alpha),"max_iter=80, max_leaf_nodes=15 (fixed)"
target_402,4,1000.0,100000.0,100000.0,1e4 (fixed),1000.0,persistence (no alpha),"max_iter=80, max_leaf_nodes=15 (fixed)"
target_403,4,1000.0,1000.0,10000.0,1e4 (fixed),1000.0,persistence (no alpha),"max_iter=80, max_leaf_nodes=15 (fixed)"
target_404,4,1000.0,10000.0,1000.0,1e4 (fixed),1000.0,persistence (no alpha),"max_iter=80, max_leaf_nodes=15 (fixed)"
target_405,4,1000.0,10000.0,1000.0,1e4 (fixed),1000.0,persistence (no alpha),"max_iter=80, max_leaf_nodes=15 (fixed)"
target_406,4,1000.0,1000.0,1000.0,1e4 (fixed),1000.0,persistence (no alpha),"max_iter=80, max_leaf_nodes=15 (fixed)"
target_407,4,1000.0,0.01,1000.0,1e4 (fixed),1000.0,persistence (no alpha),"max_iter=80, max_leaf_nodes=15 (fixed)"
target_408,4,1000.0,1000.0,1000.0,1e4 (fixed),1000.0,persistence (no alpha),"max_iter=80, max_leaf_nodes=15 (fixed)"
target_409,4,1000.0,1000.0,10000.0,1e4 (fixed),1000.0,persistence (no alpha),"max_iter=80, max_leaf_nodes=15 (fixed)"
target_410,4,1000.0,10000.0,100000.0,1e4 (fixed),1000.0,persistence (no alpha),"max_iter=80, max_leaf_nodes=15 (fixed)"
target_411,4,1000.0,100000.0,1000.0,1e4 (fixed),1000.0,persistence (no alpha),"max_iter=80, max_leaf_nodes=15 (fixed)"
target_412,4,1000.0,100.0,100000.0,1e4 (fixed),1000.0,persistence (no alpha),"max_iter=80, max_leaf_nodes=15 (fixed)"
target_413,4,1000.0,100000.0,10000.0,1e4 (fixed),1000.0,persistence (no alpha),"max_iter=80, max_leaf_nodes=15 (fixed)"
target_414,4,1000.0,10000.0,10000.0,1e4 (fixed),1000.0,persistence (no alpha),"max_iter=80, max_leaf_nodes=15 (fixed)"
target_415,4,1000.0,100000.0,1000.0,1e4 (fixed),1000.0,persistence (no alpha),"max_iter=80, max_leaf_nodes=15 (fixed)"
target_416,4,1000.0,10000.0,100000.0,1e4 (fixed),1000.0,persistence (no alpha),"max_iter=80, max_leaf_nodes=15 (fixed)"
target_417,4,1000.0,100.0,10.0,1e4 (fixed),1000.0,persistence (no alpha),"max_iter=80, max_leaf_nodes=15 (fixed)"
target_418,4,1000.0,100.0,10.0,1e4 (fixed),1000.0,persistence (no alpha),"max_iter=80, max_leaf_nodes=15 (fixed)"
target_419,4,1000.0,100000.0,1000.0,1e4 (fixed),1000.0,persistence (no alpha),"max_iter=80, max_leaf_nodes=15 (fixed)"
target_420,4,1000.0,1000.0,1000.0,1e4 (fixed),1000.0,persistence (no alpha),"max_iter=80, max_leaf_nodes=15 (fixed)"
target_421,4,1000.0,10000.0,1000.0,1e4 (fixed),1000.0,persistence (no alpha),"max_iter=80, max_leaf_nodes=15 (fixed)"
target_422,4,1000.0,100000.0,10.0,1e4 (fixed),1000.0,persistence (no alpha),"max_iter=80, max_leaf_nodes=15 (fixed)"
target_423,4,1000.0,100000.0,1000.0,1e4 (fixed),1000.0,persistence (no alpha),"max_iter=80, max_leaf_nodes=15 (fixed)"
